day,id,field,text_in_seed (from PDF text layer),corrected_text (fill from PDF)
1,1-1,description,فهم الدرس عبر الذكاء االصطناعي | مشاهدة فيديو األستاذة هند,
1,1-2::1,checklist,وضعت ملخًصا,
2,2-2::1,checklist,وضعت ملخًصا,
3,3-1,title,اليوم — 1 الدرس — 1 العقيدة اإلسالمية وأثرها على الفرد والمجتمع,
3,3-2::1,checklist,وضعت ملخًصا,
4,4-1,title,الدرس — 2 الجزء أ :االستراتيجيات,
4,4-1,description,مراجعة عناوين اليوم األول | اﻟﺘﻲ ﺗﻢ ﺣﻔﻈﻬﺎ ﺳﺎﺑﻘﺎ,
4,4-2,title,األساليب,
4,4-2::1,checklist,وضعت ملخًصا,
5,5-1,title,الدرس — 2 الجزء ب :االستراتيجيات,
5,5-2::1,checklist,وضعت ملخًصا,
6,6-1,title,اليوم — 2 الدرس — 2 وسائل القرآن في تثبيت العقيدة اإلسالمية,
6,6-2::1,checklist,وضعت ملخًصا,
7,7-2,title,محل الجملة من اإلعراب,
7,7-2::1,checklist,وضعت ملخًصا,
8,8-1,description,نتائج الصراع | األهداف الحقيقية والخفية للمشاريع,
8,8-2::1,checklist,وضعت ملخًصا,
9,9-1,title,اليوم — 3 الدرس — )١( 3 اإلسالم والرساالت السماوية,
9,9-2::1,checklist,وضعت ملخًصا,
10,10-1,title,الدرس — 4 الجزء أ :تثبيت الدرس األول,
10,10-1,description,مراجعة شاملة | ﻟﻠﺪرس اﻻول ﺗﺎرﻳﺦ,
10,10-2::1,checklist,وضعت ملخًصا,
11,11-1,title,الدرس — 4 الجزء ب :تثبيت الدرس األول,
11,11-2::1,checklist,وضعت ملخًصا,
12,12-1,title,اليوم — 4 الدرس — )٢( 3 اإلسالم والرساالت السماوية,
12,12-1,description,اﻟﺠﺰء اﻟﺜﺎﻧﻲ | حفظ — 1 س 30 د 🧠 | ️✏ تمارين — 30 د,
12,12-2::1,checklist,وضعت ملخًصا,
13,13-1,description,فهم الدرس عبر الذكاء االصطناعي | مشاهدة فيديو األستاذة هند,
13,13-2::1,checklist,وضعت ملخًصا,
14,14-2::1,checklist,وضعت ملخًصا,
15,15-2,title,اإلعراب اللفظي واإلعراب التقديري,
15,15-2::1,checklist,وضعت ملخًصا,
16,16-1,title,الدرس — 6 الجزء أ :حركة عدم االنحياز,
16,16-1,description,مراجعة عناوين اليوم الخامس | اﻟﺘﻲ ﺗﻢ ﺣﻔﻈﻬﺎ ﻣﻦ اﻟﺪرس,
16,16-2::1,checklist,وضعت ملخًصا,
17,17-1,title,الدرس — 6 الجزء ب :حركة عدم االنحياز,
17,17-2::1,checklist,وضعت ملخًصا,
18,18-2::1,checklist,وضعت ملخًصا,
19,19-2::1,checklist,وضعت ملخًصا,
20,20-2::1,checklist,وضعت ملخًصا,
21,21-1,title,اليوم — 7 الدرس — 5 مقاصد الشريعة اإلسالمية,
21,21-2::1,checklist,وضعت ملخًصا,
22,22-1,title,الدرس — 8 الجزء أ :األحادية القطبية,
22,22-1,description,فهم الدرس عبر الذكاء االصطناعي,
22,22-2::1,checklist,وضعت ملخًصا,
23,23-1,title,الدرس — 8 الجزء ب :األحادية القطبية,
23,23-2::1,checklist,وضعت ملخًصا,
24,24-1,title,اليوم — 8 الدرس — )١( 6 منهج اإلسالم في محاربة االنحراف والجريمة,
24,24-2::1,checklist,وضعت ملخًصا,
25,25-1,description,مراجعة عناوين اليوم الثامن | اﻟﺘﻲ ﺗﻢ ﺣﻔﻈﻬﺎ ﻣﻦ اﻟﺪرس,
25,25-2::1,checklist,وضعت ملخًصا,
26,26-2::1,checklist,وضعت ملخًصا,
27,27-1,title,اليوم — 9 الدرس — )٢( 6 منهج اإلسالم في محاربة االنحراف والجريمة,
27,27-2::1,checklist,وضعت ملخًصا,
28,28-1,description,مراجعة الدرس األول,
28,28-2,title,االلتزام في األدب,
28,28-2::1,checklist,وضعت ملخًصا,
29,29-2::1,checklist,وضعت ملخًصا,
30,30-2::1,checklist,وضعت ملخًصا,
31,31-1,title,اﻟﺠﻐﺮاﻓﻴﺎ,
31,31-1,description,والتخلف الدرس — 11 الجزء أ :التقدم | فهم الدرس عبر الذكاء االصطناعي | مشاهدة فيديو توضيحي,
31,31-2::1,checklist,وضعت ملخًصا,
32,32-2::1,checklist,وضعت ملخًصا,
33,33-1,title,اليوم — 11 الدرسان 7 و — 8 المساواة أمام أحكام الشريعة اإلسالمية في العقوبات,
33,33-2,title,االجتماعي,
33,33-2::1,checklist,وضعت ملخًصا,
34,34-2::1,checklist,وضعت ملخًصا,
35,35-2::1,checklist,وضعت ملخًصا,
36,36-1,title,اليوم — 12 الدرس — )١( 9 من مصادر التشريع اإلسالمي :اإلجماع ،القياس ،المصلحة المرسلة,
36,36-2::1,checklist,وضعت ملخًصا,
37,37-1,title,الدرس — 13 الجزء أ :تثبيت الدرس األول,
37,37-2::1,checklist,وضعت ملخًصا,
38,38-1,title,الدرس — 13 الجزء ب :تثبيت الدرس األول,
38,38-2::1,checklist,وضعت ملخًصا,
39,39-1,title,اليوم — 13 الدرس — )٢( 9 من مصادر التشريع اإلسالمي :اإلجماع ،القياس ،المصلحة المرسلة,
39,39-2::0,checklist,تصحيح األخطاء,
40,40-1,title,الدرس — 14 الجزء أ :المواد االستراتيجية,
40,40-1,description,فهم الدرس عبر الذكاء االصطناعي,
40,40-2::0,checklist,تصحيح األخطاء,
41,41-1,title,الدرس — 14 الجزء ب :المواد االستراتيجية,
41,41-1,description,العوامل المتحكمة في األسعار | أهمية المواد االستراتيجية,
41,41-2::1,checklist,وضعت ملخًصا,
42,42-2::1,checklist,وضعت ملخًصا,
43,43-1,title,الدرس — 15 الجزء أ :األوبك وحركة رؤوس األموال,
43,43-2::0,checklist,تصحيح األخطاء,
44,44-1,title,الدرس — 15 الجزء ب :األوبك وحركة رؤوس األموال,
44,44-1,description,منظمة األوبك | حركة رؤوس األموال,
44,44-2::1,checklist,وضعت ملخًصا,
45,45-2::0,checklist,تصحيح األخطاء,
46,46-2::0,checklist,تصحيح األخطاء,
47,47-2::1,checklist,وضعت ملخًصا,
48,48-2::1,checklist,وضعت ملخًصا,
49,49-2::0,checklist,تصحيح األخطاء,
50,50-2::1,checklist,وضعت ملخًصا,
51,51-2::0,checklist,تصحيح األخطاء,
52,52-2::0,checklist,تصحيح األخطاء,
53,53-2::1,checklist,وضعت ملخًصا,
54,54-1,title,اليوم — 18 الدرس — 11 الوقف في اإلسالم,
54,54-2::1,checklist,وضعت ملخًصا,
55,55-1,description,فهم الدرس عبر الذكاء االصطناعي | مشاهدة فيديو األستاذة هند,
55,55-2::0,checklist,تصحيح األخطاء,
56,56-2::1,checklist,وضعت ملخًصا,
57,57-1,title,اليوم — 19 الدرس — )١( 12 من أحكام األسرة في اإلسالم :مدخل إلى علم المواريث,
57,57-2::0,checklist,تصحيح األخطاء,
58,58-1,title,الدرس — 20 الجزء أ :صراع االستراتيجيات,
58,58-2::0,checklist,تصحيح األخطاء,
59,59-1,title,الدرس — 20 الجزء ب :صراع االستراتيجيات,
59,59-1,description,استراتيجيات الثورة | استراتيجيات االستعمار,
59,59-2::1,checklist,وضعت ملخًصا,
60,60-1,title,اليوم — 20 الدرس — )٢( 12 من أحكام األسرة في اإلسالم :مدخل إلى علم المواريث,
60,60-2,description,حل موضوع بكالوريا في اإلنجليزية,
60,60-2::0,checklist,تصحيح األخطاء,
61,61-1,description,مراجعة االستراتيجيات | مظاهر النجاح,
61,61-2::0,checklist,تصحيح األخطاء,
62,62-2,description,حل موضوع بكالوريا في اإلنجليزية,
62,62-2::0,checklist,تصحيح األخطاء,
63,63-1,title,اليوم — 21 الدرس — )٣( 12 من أحكام األسرة في اإلسالم :مدخل إلى علم المواريث,
63,63-2::0,checklist,تصحيح األخطاء,
64,64-2::0,checklist,تصحيح األخطاء,
65,65-2,description,حل موضوع بكالوريا في اإلنجليزية,
65,65-2::0,checklist,تصحيح األخطاء,
66,66-2,description,حل موضوع بكالوريا في اإلنجليزية,
66,66-2::0,checklist,تصحيح األخطاء,
67,67-1,description,فهم الدرس عبر الذكاء االصطناعي | مشاهدة فيديو,
67,67-2::0,checklist,تصحيح األخطاء,
68,68-2,description,حل موضوع بكالوريا في اإلنجليزية,
68,68-2::0,checklist,تصحيح األخطاء,
69,69-2::0,checklist,تصحيح األخطاء,
70,70-1,title,الدرس — 24 الجزء أ :االختيارات الكبرى,
70,70-2::0,checklist,تصحيح األخطاء,
71,71-1,title,الدرس — 24 الجزء ب :االختيارات الكبرى,
71,71-1,description,االختيارات الكبرى | التطور السياسي,
71,71-2,description,حل موضوع بكالوريا في اإلنجليزية,
71,71-2::0,checklist,تصحيح األخطاء,
72,72-2,description,حل موضوع بكالوريا في اإلنجليزية,
72,72-2::0,checklist,تصحيح األخطاء,
73,73-2::0,checklist,تصحيح األخطاء,
74,74-2,description,حل موضوع بكالوريا في اإلنجليزية,
74,74-2::0,checklist,تصحيح األخطاء,
75,75-2::0,checklist,تصحيح األخطاء,
76,76-2::0,checklist,تصحيح األخطاء,
77,77-2,description,حل موضوع بكالوريا في اإلنجليزية,
77,77-2::0,checklist,تصحيح األخطاء,
78,78-2,description,حل موضوع بكالوريا في اإلنجليزية,
78,78-2::0,checklist,تصحيح األخطاء,
79,79-1,description,الوسط الطبيعي والبشري | األقاليم االقتصادية,
79,79-2::0,checklist,تصحيح األخطاء,
80,80-2,description,حل موضوع بكالوريا في اإلنجليزية,
80,80-2::0,checklist,تصحيح األخطاء,
81,81-2::0,checklist,تصحيح األخطاء,
82,82-2::0,checklist,تصحيح األخطاء,
83,83-2,description,حل موضوع بكالوريا في اإلنجليزية,
83,83-2::0,checklist,تصحيح األخطاء,
84,84-1,title,اليوم — 28 الدرس — 15 الحرية الشخصية ومدى ارتباطها بحرية اآلخر,
84,84-2,description,حل موضوع بكالوريا في اإلنجليزية,
84,84-2::0,checklist,تصحيح األخطاء,
85,85-2::0,checklist,تصحيح األخطاء,
86,86-1,title,الدرس — 30 الجزء أ :مراجعة الوحدة األولى,
86,86-2,description,حل موضوع بكالوريا في اإلنجليزية,
86,86-2::0,checklist,تصحيح األخطاء,
87,87-1,title,اليوم — 29 الدرس — 16 من أحكام األسرة في اإلسالم :النسب ،التبني ،الكفالة,
87,87-2::0,checklist,تصحيح األخطاء,
88,88-1,title,الدرس — 30 الجزء ب :مراجعة الوحدة األولى,
88,88-2::0,checklist,تصحيح األخطاء,
89,89-1,title,الدرس — 31 الجزء أ :االتحاد األوروبي,
89,89-2,description,حل موضوع بكالوريا في اإلنجليزية,
89,89-2::0,checklist,تصحيح األخطاء,
90,90-1,title,اليوم — 30 الدرس — 17 العالقات االجتماعية بين المسلمين وغيرهم,
90,90-2,description,حل موضوع بكالوريا في اإلنجليزية,
90,90-2::0,checklist,تصحيح األخطاء,
91,91-1,title,الدرس — 31 الجزء ب :االتحاد األوروبي,
91,91-2::0,checklist,تصحيح األخطاء,
92,92-2,description,حل موضوع بكالوريا في اإلنجليزية,
92,92-2::0,checklist,تصحيح األخطاء,
93,93-1,title,اليوم — 31 الدرس — 18 خطبة الرسول ﷺ في حجة الوداع,
93,93-2::0,checklist,تصحيح األخطاء,
94,94-2::0,checklist,تصحيح األخطاء,
95,95-2,description,حل موضوع بكالوريا في اإلنجليزية,
95,95-2::0,checklist,تصحيح األخطاء,
96,96-2,description,حل موضوع بكالوريا في اإلنجليزية,
96,96-2::0,checklist,تصحيح األخطاء,
97,97-2::0,checklist,تصحيح األخطاء,
98,98-1,title,الدرس — 34 الجزء أ :سر النهضة اآلسيوية,
98,98-2,description,حل موضوع بكالوريا في اإلنجليزية,
98,98-2::0,checklist,تصحيح األخطاء,
99,99-2::0,checklist,تصحيح األخطاء,
100,100-1,title,الدرس — 34 الجزء ب :سر النهضة اآلسيوية,
100,100-2::0,checklist,تصحيح األخطاء,
101,101-2,description,حل موضوع بكالوريا في اإلنجليزية,
101,101-2::0,checklist,تصحيح األخطاء,
102,102-1::0,checklist,تصحيح األخطاء,
102,102-2,description,حل موضوع بكالوريا في اإلنجليزية,
102,102-2::0,checklist,تصحيح األخطاء,
103,103-2::0,checklist,تصحيح األخطاء,
104,104-2,description,حل موضوع بكالوريا في اإلنجليزية,
104,104-2::0,checklist,تصحيح األخطاء,
105,105-1::0,checklist,تصحيح األخطاء,
105,105-2::0,checklist,تصحيح األخطاء,
106,106-2::0,checklist,تصحيح األخطاء,
107,107-2,description,حل موضوع بكالوريا في اإلنجليزية,
107,107-2::0,checklist,تصحيح األخطاء,
108,108-1::0,checklist,تصحيح األخطاء,
108,108-2,description,حل موضوع بكالوريا في اإلنجليزية,
108,108-2::0,checklist,تصحيح األخطاء,
109,109-1,description,مراجعة االقتصاد العالمي,
109,109-2::0,checklist,تصحيح األخطاء,
110,110-1,title,الدرس — 38 الجزء أ :تراجع االستعمار,
110,110-2,description,حل موضوع بكالوريا في اإلنجليزية,
110,110-2::0,checklist,تصحيح األخطاء,
111,111-1::0,checklist,تصحيح األخطاء,
111,111-2::0,checklist,تصحيح األخطاء,
112,112-1,title,الدرس — 38 الجزء ب :تراجع االستعمار,
112,112-1,description,ظروف ظهور الحركات | مواقف المعسكرين | االستعمار المقنع,
112,112-2::0,checklist,تصحيح األخطاء,
113,113-2,description,حل موضوع بكالوريا في اإلنجليزية,
113,113-2::0,checklist,تصحيح األخطاء,
114,114-1::0,checklist,تصحيح األخطاء,
114,114-2,description,حل موضوع بكالوريا في اإلنجليزية,
114,114-2::0,checklist,تصحيح األخطاء,
115,115-2::0,checklist,تصحيح األخطاء,
116,116-2,description,حل موضوع بكالوريا في اإلنجليزية,
116,116-2::0,checklist,تصحيح األخطاء,
117,117-1::0,checklist,تصحيح األخطاء,
117,117-2::0,checklist,تصحيح األخطاء,
118,118-2::0,checklist,تصحيح األخطاء,
119,119-2,description,حل موضوع بكالوريا في اإلنجليزية,
119,119-2::0,checklist,تصحيح األخطاء,
120,120-1::0,checklist,تصحيح األخطاء,
120,120-2,description,حل موضوع بكالوريا في اإلنجليزية,
120,120-2::0,checklist,تصحيح األخطاء,
121,121-2::0,checklist,تصحيح األخطاء,
122,122-1,description,مكانة االقتصاد الجزائري,
122,122-2,description,حل موضوع بكالوريا في اإلنجليزية,
122,122-2::0,checklist,تصحيح األخطاء,
123,123-1::0,checklist,تصحيح األخطاء,
123,123-2::0,checklist,تصحيح األخطاء,
124,124-2::0,checklist,تصحيح األخطاء,
125,125-1,description,دراسة االقتصاد البرازيلي,
125,125-2,description,حل موضوع بكالوريا في اإلنجليزية,
125,125-2::0,checklist,تصحيح األخطاء,
126,126-1::0,checklist,تصحيح األخطاء,
126,126-2,description,حل موضوع بكالوريا في اإلنجليزية,
126,126-2::0,checklist,تصحيح األخطاء,
127,127-2::0,checklist,تصحيح األخطاء,
128,128-2,description,حل موضوع بكالوريا في اإلنجليزية,
128,128-2::0,checklist,تصحيح األخطاء,
129,129-1::0,checklist,تصحيح األخطاء,
129,129-2::0,checklist,تصحيح األخطاء,
130,130-2::0,checklist,تصحيح األخطاء,
131,131-1::0,checklist,تصحيح األخطاء,
131,131-2,description,حل موضوع بكالوريا في اإلنجليزية,
131,131-2::0,checklist,تصحيح األخطاء,
132,132-1::0,checklist,تصحيح األخطاء,
132,132-2,description,حل موضوع بكالوريا في اإلنجليزية,
132,132-2::0,checklist,تصحيح األخطاء,
